animal_1,animal_2,chosen_1,chosen_2,win_rate
goat,cougar,"[1, 6, 7, 8]","[3, 9, 13, 15]",1.0
goat,cougar,"[1, 6, 7, 8]","[11, 17, 21, 23]",0.69
goat,cougar,"[1, 6, 7, 8]","[12, 18, 22, 24]",0.69
goat,cougar,"[1, 6, 7, 8]","[13, 19, 23, 25]",1.0
goat,cougar,"[2, 7, 8, 9]","[6, 12, 16, 18]",0.8
goat,cougar,"[2, 7, 8, 9]","[11, 17, 21, 23]",0.68
goat,cougar,"[2, 7, 8, 9]","[12, 18, 22, 24]",0.78
goat,cougar,"[2, 7, 8, 9]","[13, 19, 23, 25]",0.87
goat,cougar,"[3, 8, 9, 10]","[1, 7, 11, 13]",1.0
goat,cougar,"[3, 8, 9, 10]","[6, 12, 16, 18]",0.86
goat,cougar,"[3, 8, 9, 10]","[7, 13, 17, 19]",1.0
goat,cougar,"[3, 8, 9, 10]","[11, 17, 21, 23]",0.69
goat,cougar,"[3, 8, 9, 10]","[12, 18, 22, 24]",0.8
goat,cougar,"[3, 8, 9, 10]","[13, 19, 23, 25]",0.95
goat,cougar,"[6, 11, 12, 13]","[8, 14, 18, 20]",1.0
goat,cougar,"[7, 12, 13, 14]","[11, 17, 21, 23]",1.0
goat,cougar,"[8, 13, 14, 15]","[6, 12, 16, 18]",1.0
goat,cougar,"[8, 13, 14, 15]","[11, 17, 21, 23]",0.86
goat,cougar,"[8, 13, 14, 15]","[12, 18, 22, 24]",0.83
goat,cougar,"[11, 16, 17, 18]","[2, 8, 12, 14]",1.0
goat,cougar,"[11, 16, 17, 18]","[3, 9, 13, 15]",0.58
goat,cougar,"[11, 16, 17, 18]","[13, 19, 23, 25]",1.0
goat,cougar,"[12, 17, 18, 19]","[1, 7, 11, 13]",0.65
goat,cougar,"[12, 17, 18, 19]","[3, 9, 13, 15]",0.81
goat,cougar,"[13, 18, 19, 20]","[2, 8, 12, 14]",1.0
goat,cougar,"[13, 18, 19, 20]","[11, 17, 21, 23]",1.0
goat,cougar,"[16, 21, 22, 23]","[1, 7, 11, 13]",0.88
goat,cougar,"[16, 21, 22, 23]","[2, 8, 12, 14]",0.77
goat,cougar,"[16, 21, 22, 23]","[3, 9, 13, 15]",0.59
goat,cougar,"[16, 21, 22, 23]","[7, 13, 17, 19]",0.87
goat,cougar,"[16, 21, 22, 23]","[8, 14, 18, 20]",0.85
goat,cougar,"[17, 22, 23, 24]","[1, 7, 11, 13]",0.92
goat,cougar,"[17, 22, 23, 24]","[2, 8, 12, 14]",0.91
goat,cougar,"[17, 22, 23, 24]","[3, 9, 13, 15]",0.78
goat,cougar,"[17, 22, 23, 24]","[6, 12, 16, 18]",1.0
goat,cougar,"[17, 22, 23, 24]","[8, 14, 18, 20]",0.87
goat,cougar,"[18, 23, 24, 25]","[1, 7, 11, 13]",0.82
goat,cougar,"[18, 23, 24, 25]","[2, 8, 12, 14]",1.0
goat,cougar,"[18, 23, 24, 25]","[3, 9, 13, 15]",0.62
goat,cougar,"[18, 23, 24, 25]","[7, 13, 17, 19]",0.93
pairing average win rate,0.8587499999999999, , , 
goat,elk,"[1, 6, 7, 8]","[3, 5, 9, 10]",0.73
goat,elk,"[1, 6, 7, 8]","[11, 13, 17, 18]",0.61
goat,elk,"[1, 6, 7, 8]","[12, 14, 18, 19]",0.54
goat,elk,"[1, 6, 7, 8]","[13, 15, 19, 20]",0.5
goat,elk,"[1, 6, 7, 8]","[16, 18, 22, 23]",0.57
goat,elk,"[1, 6, 7, 8]","[17, 19, 23, 24]",0.48
goat,elk,"[1, 6, 7, 8]","[18, 20, 24, 25]",0.55
goat,elk,"[2, 7, 8, 9]","[11, 13, 17, 18]",0.6
goat,elk,"[2, 7, 8, 9]","[12, 14, 18, 19]",0.59
goat,elk,"[2, 7, 8, 9]","[13, 15, 19, 20]",0.73
goat,elk,"[2, 7, 8, 9]","[16, 18, 22, 23]",0.54
goat,elk,"[2, 7, 8, 9]","[17, 19, 23, 24]",0.84
goat,elk,"[2, 7, 8, 9]","[18, 20, 24, 25]",0.63
goat,elk,"[3, 8, 9, 10]","[11, 13, 17, 18]",0.61
goat,elk,"[3, 8, 9, 10]","[12, 14, 18, 19]",0.59
goat,elk,"[3, 8, 9, 10]","[13, 15, 19, 20]",0.68
goat,elk,"[3, 8, 9, 10]","[16, 18, 22, 23]",0.55
goat,elk,"[3, 8, 9, 10]","[17, 19, 23, 24]",0.6
goat,elk,"[3, 8, 9, 10]","[18, 20, 24, 25]",0.5
goat,elk,"[6, 11, 12, 13]","[1, 3, 7, 8]",0.28
goat,elk,"[6, 11, 12, 13]","[2, 4, 8, 9]",0.34
goat,elk,"[6, 11, 12, 13]","[3, 5, 9, 10]",0.27
goat,elk,"[6, 11, 12, 13]","[8, 10, 14, 15]",0.28
goat,elk,"[6, 11, 12, 13]","[16, 18, 22, 23]",0.61
goat,elk,"[6, 11, 12, 13]","[17, 19, 23, 24]",0.56
goat,elk,"[6, 11, 12, 13]","[18, 20, 24, 25]",0.6
goat,elk,"[7, 12, 13, 14]","[2, 4, 8, 9]",0.0
goat,elk,"[7, 12, 13, 14]","[3, 5, 9, 10]",0.24
goat,elk,"[7, 12, 13, 14]","[16, 18, 22, 23]",0.57
goat,elk,"[7, 12, 13, 14]","[17, 19, 23, 24]",0.57
goat,elk,"[7, 12, 13, 14]","[18, 20, 24, 25]",0.62
goat,elk,"[8, 13, 14, 15]","[3, 5, 9, 10]",0.7
goat,elk,"[8, 13, 14, 15]","[16, 18, 22, 23]",0.45
goat,elk,"[8, 13, 14, 15]","[17, 19, 23, 24]",0.54
goat,elk,"[8, 13, 14, 15]","[18, 20, 24, 25]",0.53
goat,elk,"[11, 16, 17, 18]","[1, 3, 7, 8]",0.82
goat,elk,"[11, 16, 17, 18]","[2, 4, 8, 9]",0.76
goat,elk,"[11, 16, 17, 18]","[3, 5, 9, 10]",0.23
goat,elk,"[11, 16, 17, 18]","[6, 8, 12, 13]",0.78
goat,elk,"[11, 16, 17, 18]","[7, 9, 13, 14]",0.43
goat,elk,"[11, 16, 17, 18]","[8, 10, 14, 15]",0.74
goat,elk,"[11, 16, 17, 18]","[13, 15, 19, 20]",0.31
goat,elk,"[12, 17, 18, 19]","[1, 3, 7, 8]",0.76
goat,elk,"[12, 17, 18, 19]","[2, 4, 8, 9]",0.76
goat,elk,"[12, 17, 18, 19]","[3, 5, 9, 10]",0.26
goat,elk,"[12, 17, 18, 19]","[7, 9, 13, 14]",0.39
goat,elk,"[12, 17, 18, 19]","[8, 10, 14, 15]",0.76
goat,elk,"[13, 18, 19, 20]","[1, 3, 7, 8]",0.41
goat,elk,"[13, 18, 19, 20]","[2, 4, 8, 9]",0.37
goat,elk,"[13, 18, 19, 20]","[3, 5, 9, 10]",1.0
goat,elk,"[13, 18, 19, 20]","[8, 10, 14, 15]",0.38
goat,elk,"[16, 21, 22, 23]","[1, 3, 7, 8]",0.31
goat,elk,"[16, 21, 22, 23]","[2, 4, 8, 9]",0.31
goat,elk,"[16, 21, 22, 23]","[3, 5, 9, 10]",0.0
goat,elk,"[16, 21, 22, 23]","[6, 8, 12, 13]",0.47
goat,elk,"[16, 21, 22, 23]","[7, 9, 13, 14]",0.59
goat,elk,"[16, 21, 22, 23]","[8, 10, 14, 15]",0.43
goat,elk,"[16, 21, 22, 23]","[11, 13, 17, 18]",0.8
goat,elk,"[16, 21, 22, 23]","[12, 14, 18, 19]",0.3
goat,elk,"[16, 21, 22, 23]","[13, 15, 19, 20]",0.62
goat,elk,"[16, 21, 22, 23]","[18, 20, 24, 25]",0.51
goat,elk,"[17, 22, 23, 24]","[1, 3, 7, 8]",0.46
goat,elk,"[17, 22, 23, 24]","[2, 4, 8, 9]",0.39
goat,elk,"[17, 22, 23, 24]","[3, 5, 9, 10]",0.06
goat,elk,"[17, 22, 23, 24]","[6, 8, 12, 13]",0.37
goat,elk,"[17, 22, 23, 24]","[7, 9, 13, 14]",0.56
goat,elk,"[17, 22, 23, 24]","[8, 10, 14, 15]",0.34
goat,elk,"[17, 22, 23, 24]","[12, 14, 18, 19]",0.27
goat,elk,"[17, 22, 23, 24]","[13, 15, 19, 20]",0.74
goat,elk,"[18, 23, 24, 25]","[1, 3, 7, 8]",0.47
goat,elk,"[18, 23, 24, 25]","[2, 4, 8, 9]",0.48
goat,elk,"[18, 23, 24, 25]","[3, 5, 9, 10]",0.0
goat,elk,"[18, 23, 24, 25]","[6, 8, 12, 13]",0.62
goat,elk,"[18, 23, 24, 25]","[7, 9, 13, 14]",0.53
goat,elk,"[18, 23, 24, 25]","[8, 10, 14, 15]",0.36
goat,elk,"[18, 23, 24, 25]","[13, 15, 19, 20]",0.58
pairing average win rate,0.5043421052631579, , , 
goat,eagle,"[1, 6, 7, 8]","[4, 9, 15]",1.0
goat,eagle,"[1, 6, 7, 8]","[9, 14, 20]",1.0
goat,eagle,"[1, 6, 7, 8]","[11, 16, 22]",0.76
goat,eagle,"[1, 6, 7, 8]","[12, 17, 23]",0.65
goat,eagle,"[1, 6, 7, 8]","[13, 18, 24]",0.77
goat,eagle,"[1, 6, 7, 8]","[14, 19, 25]",0.82
goat,eagle,"[2, 7, 8, 9]","[1, 6, 12]",0.94
goat,eagle,"[2, 7, 8, 9]","[6, 11, 17]",1.0
goat,eagle,"[2, 7, 8, 9]","[11, 16, 22]",0.81
goat,eagle,"[2, 7, 8, 9]","[12, 17, 23]",0.94
goat,eagle,"[2, 7, 8, 9]","[13, 18, 24]",0.67
goat,eagle,"[2, 7, 8, 9]","[14, 19, 25]",0.65
goat,eagle,"[3, 8, 9, 10]","[1, 6, 12]",0.97
goat,eagle,"[3, 8, 9, 10]","[2, 7, 13]",1.0
goat,eagle,"[3, 8, 9, 10]","[6, 11, 17]",1.0
goat,eagle,"[3, 8, 9, 10]","[7, 12, 18]",1.0
goat,eagle,"[3, 8, 9, 10]","[11, 16, 22]",0.9
goat,eagle,"[3, 8, 9, 10]","[12, 17, 23]",0.96
goat,eagle,"[3, 8, 9, 10]","[13, 18, 24]",0.85
goat,eagle,"[3, 8, 9, 10]","[14, 19, 25]",0.84
goat,eagle,"[6, 11, 12, 13]","[3, 8, 14]",1.0
goat,eagle,"[6, 11, 12, 13]","[4, 9, 15]",0.15
goat,eagle,"[6, 11, 12, 13]","[9, 14, 20]",0.45
goat,eagle,"[6, 11, 12, 13]","[14, 19, 25]",0.33
goat,eagle,"[7, 12, 13, 14]","[4, 9, 15]",0.19
goat,eagle,"[7, 12, 13, 14]","[6, 11, 17]",0.87
goat,eagle,"[7, 12, 13, 14]","[11, 16, 22]",1.0
goat,eagle,"[8, 13, 14, 15]","[1, 6, 12]",1.0
goat,eagle,"[8, 13, 14, 15]","[6, 11, 17]",1.0
goat,eagle,"[8, 13, 14, 15]","[7, 12, 18]",1.0
goat,eagle,"[8, 13, 14, 15]","[11, 16, 22]",1.0
goat,eagle,"[8, 13, 14, 15]","[12, 17, 23]",1.0
goat,eagle,"[11, 16, 17, 18]","[1, 6, 12]",0.66
goat,eagle,"[11, 16, 17, 18]","[2, 7, 13]",0.66
goat,eagle,"[11, 16, 17, 18]","[3, 8, 14]",1.0
goat,eagle,"[11, 16, 17, 18]","[4, 9, 15]",0.83
goat,eagle,"[11, 16, 17, 18]","[8, 13, 19]",1.0
goat,eagle,"[11, 16, 17, 18]","[9, 14, 20]",1.0
goat,eagle,"[11, 16, 17, 18]","[14, 19, 25]",0.84
goat,eagle,"[12, 17, 18, 19]","[2, 7, 13]",1.0
goat,eagle,"[12, 17, 18, 19]","[3, 8, 14]",1.0
goat,eagle,"[12, 17, 18, 19]","[4, 9, 15]",1.0
goat,eagle,"[12, 17, 18, 19]","[9, 14, 20]",1.0
goat,eagle,"[12, 17, 18, 19]","[11, 16, 22]",1.0
goat,eagle,"[13, 18, 19, 20]","[1, 6, 12]",0.29
goat,eagle,"[13, 18, 19, 20]","[3, 8, 14]",1.0
goat,eagle,"[13, 18, 19, 20]","[4, 9, 15]",0.35
goat,eagle,"[13, 18, 19, 20]","[6, 11, 17]",1.0
goat,eagle,"[13, 18, 19, 20]","[11, 16, 22]",0.31
goat,eagle,"[13, 18, 19, 20]","[12, 17, 23]",1.0
goat,eagle,"[16, 21, 22, 23]","[1, 6, 12]",0.46
goat,eagle,"[16, 21, 22, 23]","[2, 7, 13]",0.0
goat,eagle,"[16, 21, 22, 23]","[3, 8, 14]",1.0
goat,eagle,"[16, 21, 22, 23]","[4, 9, 15]",0.37
goat,eagle,"[16, 21, 22, 23]","[6, 11, 17]",0.78
goat,eagle,"[16, 21, 22, 23]","[7, 12, 18]",1.0
goat,eagle,"[16, 21, 22, 23]","[8, 13, 19]",1.0
goat,eagle,"[16, 21, 22, 23]","[9, 14, 20]",0.74
goat,eagle,"[16, 21, 22, 23]","[13, 18, 24]",1.0
goat,eagle,"[16, 21, 22, 23]","[14, 19, 25]",0.32
goat,eagle,"[17, 22, 23, 24]","[1, 6, 12]",0.15
goat,eagle,"[17, 22, 23, 24]","[2, 7, 13]",0.1
goat,eagle,"[17, 22, 23, 24]","[3, 8, 14]",1.0
goat,eagle,"[17, 22, 23, 24]","[4, 9, 15]",0.38
goat,eagle,"[17, 22, 23, 24]","[7, 12, 18]",1.0
goat,eagle,"[17, 22, 23, 24]","[8, 13, 19]",1.0
goat,eagle,"[17, 22, 23, 24]","[9, 14, 20]",0.63
goat,eagle,"[17, 22, 23, 24]","[14, 19, 25]",0.48
goat,eagle,"[18, 23, 24, 25]","[1, 6, 12]",0.33
goat,eagle,"[18, 23, 24, 25]","[2, 7, 13]",0.28
goat,eagle,"[18, 23, 24, 25]","[3, 8, 14]",1.0
goat,eagle,"[18, 23, 24, 25]","[4, 9, 15]",1.0
goat,eagle,"[18, 23, 24, 25]","[6, 11, 17]",1.0
goat,eagle,"[18, 23, 24, 25]","[8, 13, 19]",1.0
goat,eagle,"[18, 23, 24, 25]","[9, 14, 20]",1.0
goat,eagle,"[18, 23, 24, 25]","[11, 16, 22]",0.38
pairing average win rate,0.7744736842105264, , , 
goat,coyote,"[1, 6, 7, 8]","[2, 3, 9]",1.0
goat,coyote,"[1, 6, 7, 8]","[3, 4, 10]",0.6
goat,coyote,"[1, 6, 7, 8]","[11, 12, 18]",0.97
goat,coyote,"[1, 6, 7, 8]","[12, 13, 19]",1.0
goat,coyote,"[1, 6, 7, 8]","[13, 14, 20]",1.0
goat,coyote,"[1, 6, 7, 8]","[16, 17, 23]",0.6
goat,coyote,"[1, 6, 7, 8]","[17, 18, 24]",0.98
goat,coyote,"[1, 6, 7, 8]","[18, 19, 25]",0.95
goat,coyote,"[2, 7, 8, 9]","[3, 4, 10]",0.8
goat,coyote,"[2, 7, 8, 9]","[11, 12, 18]",1.0
goat,coyote,"[2, 7, 8, 9]","[12, 13, 19]",1.0
goat,coyote,"[2, 7, 8, 9]","[13, 14, 20]",1.0
goat,coyote,"[2, 7, 8, 9]","[16, 17, 23]",0.9
goat,coyote,"[2, 7, 8, 9]","[17, 18, 24]",1.0
goat,coyote,"[2, 7, 8, 9]","[18, 19, 25]",1.0
goat,coyote,"[3, 8, 9, 10]","[6, 7, 13]",1.0
goat,coyote,"[3, 8, 9, 10]","[11, 12, 18]",0.91
goat,coyote,"[3, 8, 9, 10]","[12, 13, 19]",1.0
goat,coyote,"[3, 8, 9, 10]","[13, 14, 20]",1.0
goat,coyote,"[3, 8, 9, 10]","[16, 17, 23]",1.0
goat,coyote,"[3, 8, 9, 10]","[17, 18, 24]",0.91
goat,coyote,"[3, 8, 9, 10]","[18, 19, 25]",0.93
goat,coyote,"[6, 11, 12, 13]","[1, 2, 8]",0.54
goat,coyote,"[6, 11, 12, 13]","[2, 3, 9]",0.83
goat,coyote,"[6, 11, 12, 13]","[3, 4, 10]",0.8
goat,coyote,"[6, 11, 12, 13]","[7, 8, 14]",0.81
goat,coyote,"[6, 11, 12, 13]","[8, 9, 15]",0.65
goat,coyote,"[6, 11, 12, 13]","[16, 17, 23]",0.68
goat,coyote,"[6, 11, 12, 13]","[17, 18, 24]",0.9
goat,coyote,"[6, 11, 12, 13]","[18, 19, 25]",0.8
goat,coyote,"[7, 12, 13, 14]","[1, 2, 8]",0.75
goat,coyote,"[7, 12, 13, 14]","[2, 3, 9]",0.8
goat,coyote,"[7, 12, 13, 14]","[3, 4, 10]",0.83
goat,coyote,"[7, 12, 13, 14]","[8, 9, 15]",0.76
goat,coyote,"[7, 12, 13, 14]","[16, 17, 23]",0.71
goat,coyote,"[7, 12, 13, 14]","[17, 18, 24]",0.88
goat,coyote,"[7, 12, 13, 14]","[18, 19, 25]",0.73
goat,coyote,"[8, 13, 14, 15]","[2, 3, 9]",1.0
goat,coyote,"[8, 13, 14, 15]","[3, 4, 10]",0.8
goat,coyote,"[8, 13, 14, 15]","[11, 12, 18]",0.87
goat,coyote,"[8, 13, 14, 15]","[16, 17, 23]",0.74
goat,coyote,"[8, 13, 14, 15]","[17, 18, 24]",0.84
goat,coyote,"[8, 13, 14, 15]","[18, 19, 25]",0.81
goat,coyote,"[11, 16, 17, 18]","[1, 2, 8]",0.93
goat,coyote,"[11, 16, 17, 18]","[2, 3, 9]",0.54
goat,coyote,"[11, 16, 17, 18]","[3, 4, 10]",0.44
goat,coyote,"[11, 16, 17, 18]","[6, 7, 13]",0.67
goat,coyote,"[11, 16, 17, 18]","[7, 8, 14]",0.9
goat,coyote,"[11, 16, 17, 18]","[8, 9, 15]",0.92
goat,coyote,"[11, 16, 17, 18]","[12, 13, 19]",0.77
goat,coyote,"[11, 16, 17, 18]","[13, 14, 20]",0.61
goat,coyote,"[12, 17, 18, 19]","[1, 2, 8]",1.0
goat,coyote,"[12, 17, 18, 19]","[2, 3, 9]",0.46
goat,coyote,"[12, 17, 18, 19]","[3, 4, 10]",0.5
goat,coyote,"[12, 17, 18, 19]","[6, 7, 13]",0.79
goat,coyote,"[12, 17, 18, 19]","[7, 8, 14]",1.0
goat,coyote,"[12, 17, 18, 19]","[8, 9, 15]",1.0
goat,coyote,"[12, 17, 18, 19]","[13, 14, 20]",0.68
goat,coyote,"[13, 18, 19, 20]","[1, 2, 8]",0.89
goat,coyote,"[13, 18, 19, 20]","[2, 3, 9]",1.0
goat,coyote,"[13, 18, 19, 20]","[3, 4, 10]",1.0
goat,coyote,"[13, 18, 19, 20]","[7, 8, 14]",0.93
goat,coyote,"[13, 18, 19, 20]","[8, 9, 15]",0.95
goat,coyote,"[13, 18, 19, 20]","[16, 17, 23]",1.0
goat,coyote,"[16, 21, 22, 23]","[1, 2, 8]",0.84
goat,coyote,"[16, 21, 22, 23]","[2, 3, 9]",0.31
goat,coyote,"[16, 21, 22, 23]","[3, 4, 10]",0.36
goat,coyote,"[16, 21, 22, 23]","[6, 7, 13]",0.78
goat,coyote,"[16, 21, 22, 23]","[7, 8, 14]",0.83
goat,coyote,"[16, 21, 22, 23]","[8, 9, 15]",0.77
goat,coyote,"[16, 21, 22, 23]","[11, 12, 18]",0.5
goat,coyote,"[16, 21, 22, 23]","[12, 13, 19]",0.79
goat,coyote,"[16, 21, 22, 23]","[13, 14, 20]",0.68
goat,coyote,"[16, 21, 22, 23]","[17, 18, 24]",0.89
goat,coyote,"[16, 21, 22, 23]","[18, 19, 25]",0.55
goat,coyote,"[17, 22, 23, 24]","[1, 2, 8]",0.85
goat,coyote,"[17, 22, 23, 24]","[2, 3, 9]",0.41
goat,coyote,"[17, 22, 23, 24]","[3, 4, 10]",0.38
goat,coyote,"[17, 22, 23, 24]","[6, 7, 13]",0.87
goat,coyote,"[17, 22, 23, 24]","[7, 8, 14]",0.89
goat,coyote,"[17, 22, 23, 24]","[8, 9, 15]",0.85
goat,coyote,"[17, 22, 23, 24]","[11, 12, 18]",0.63
goat,coyote,"[17, 22, 23, 24]","[12, 13, 19]",0.85
goat,coyote,"[17, 22, 23, 24]","[13, 14, 20]",0.85
goat,coyote,"[17, 22, 23, 24]","[18, 19, 25]",0.62
goat,coyote,"[18, 23, 24, 25]","[1, 2, 8]",0.87
goat,coyote,"[18, 23, 24, 25]","[2, 3, 9]",0.54
goat,coyote,"[18, 23, 24, 25]","[3, 4, 10]",0.64
goat,coyote,"[18, 23, 24, 25]","[6, 7, 13]",0.76
goat,coyote,"[18, 23, 24, 25]","[7, 8, 14]",0.83
goat,coyote,"[18, 23, 24, 25]","[8, 9, 15]",0.83
goat,coyote,"[18, 23, 24, 25]","[12, 13, 19]",0.72
goat,coyote,"[18, 23, 24, 25]","[13, 14, 20]",0.74
pairing average win rate,0.8009677419354838, , , 
goat,aatxe,"[1, 6, 7, 8]","[9, 12]",0.83
goat,aatxe,"[1, 6, 7, 8]","[10, 13]",1.0
goat,aatxe,"[1, 6, 7, 8]","[13, 16]",1.0
goat,aatxe,"[1, 6, 7, 8]","[14, 17]",0.75
goat,aatxe,"[1, 6, 7, 8]","[15, 18]",1.0
goat,aatxe,"[1, 6, 7, 8]","[18, 21]",1.0
goat,aatxe,"[1, 6, 7, 8]","[19, 22]",0.75
goat,aatxe,"[1, 6, 7, 8]","[20, 23]",0.66
goat,aatxe,"[2, 7, 8, 9]","[3, 6]",0.91
goat,aatxe,"[2, 7, 8, 9]","[10, 13]",1.0
goat,aatxe,"[2, 7, 8, 9]","[13, 16]",1.0
goat,aatxe,"[2, 7, 8, 9]","[14, 17]",0.69
goat,aatxe,"[2, 7, 8, 9]","[15, 18]",1.0
goat,aatxe,"[2, 7, 8, 9]","[18, 21]",1.0
goat,aatxe,"[2, 7, 8, 9]","[19, 22]",0.67
goat,aatxe,"[2, 7, 8, 9]","[20, 23]",0.65
goat,aatxe,"[3, 8, 9, 10]","[4, 7]",1.0
goat,aatxe,"[3, 8, 9, 10]","[13, 16]",0.77
goat,aatxe,"[3, 8, 9, 10]","[14, 17]",0.78
goat,aatxe,"[3, 8, 9, 10]","[15, 18]",1.0
goat,aatxe,"[3, 8, 9, 10]","[18, 21]",1.0
goat,aatxe,"[3, 8, 9, 10]","[19, 22]",0.65
goat,aatxe,"[3, 8, 9, 10]","[20, 23]",0.71
goat,aatxe,"[6, 11, 12, 13]","[4, 7]",0.63
goat,aatxe,"[6, 11, 12, 13]","[5, 8]",1.0
goat,aatxe,"[6, 11, 12, 13]","[14, 17]",0.76
goat,aatxe,"[6, 11, 12, 13]","[15, 18]",1.0
goat,aatxe,"[6, 11, 12, 13]","[18, 21]",1.0
goat,aatxe,"[6, 11, 12, 13]","[19, 22]",0.86
goat,aatxe,"[6, 11, 12, 13]","[20, 23]",0.86
goat,aatxe,"[7, 12, 13, 14]","[3, 6]",1.0
goat,aatxe,"[7, 12, 13, 14]","[5, 8]",1.0
goat,aatxe,"[7, 12, 13, 14]","[8, 11]",1.0
goat,aatxe,"[7, 12, 13, 14]","[15, 18]",1.0
goat,aatxe,"[7, 12, 13, 14]","[18, 21]",1.0
goat,aatxe,"[7, 12, 13, 14]","[19, 22]",1.0
goat,aatxe,"[7, 12, 13, 14]","[20, 23]",1.0
goat,aatxe,"[8, 13, 14, 15]","[3, 6]",0.84
goat,aatxe,"[8, 13, 14, 15]","[4, 7]",1.0
goat,aatxe,"[8, 13, 14, 15]","[9, 12]",0.9
goat,aatxe,"[8, 13, 14, 15]","[18, 21]",0.85
goat,aatxe,"[8, 13, 14, 15]","[19, 22]",0.73
goat,aatxe,"[8, 13, 14, 15]","[20, 23]",0.76
goat,aatxe,"[11, 16, 17, 18]","[3, 6]",0.78
goat,aatxe,"[11, 16, 17, 18]","[4, 7]",0.69
goat,aatxe,"[11, 16, 17, 18]","[5, 8]",0.78
goat,aatxe,"[11, 16, 17, 18]","[9, 12]",0.72
goat,aatxe,"[11, 16, 17, 18]","[10, 13]",0.79
goat,aatxe,"[11, 16, 17, 18]","[19, 22]",0.72
goat,aatxe,"[11, 16, 17, 18]","[20, 23]",0.6
goat,aatxe,"[12, 17, 18, 19]","[3, 6]",0.79
goat,aatxe,"[12, 17, 18, 19]","[4, 7]",0.84
goat,aatxe,"[12, 17, 18, 19]","[5, 8]",0.96
goat,aatxe,"[12, 17, 18, 19]","[8, 11]",1.0
goat,aatxe,"[12, 17, 18, 19]","[10, 13]",0.86
goat,aatxe,"[12, 17, 18, 19]","[13, 16]",1.0
goat,aatxe,"[12, 17, 18, 19]","[20, 23]",0.82
goat,aatxe,"[13, 18, 19, 20]","[3, 6]",0.7
goat,aatxe,"[13, 18, 19, 20]","[4, 7]",0.64
goat,aatxe,"[13, 18, 19, 20]","[5, 8]",1.0
goat,aatxe,"[13, 18, 19, 20]","[8, 11]",1.0
goat,aatxe,"[13, 18, 19, 20]","[9, 12]",0.7
goat,aatxe,"[13, 18, 19, 20]","[14, 17]",1.0
goat,aatxe,"[16, 21, 22, 23]","[3, 6]",0.58
goat,aatxe,"[16, 21, 22, 23]","[4, 7]",0.56
goat,aatxe,"[16, 21, 22, 23]","[5, 8]",1.0
goat,aatxe,"[16, 21, 22, 23]","[8, 11]",1.0
goat,aatxe,"[16, 21, 22, 23]","[9, 12]",0.51
goat,aatxe,"[16, 21, 22, 23]","[10, 13]",0.54
goat,aatxe,"[16, 21, 22, 23]","[14, 17]",0.84
goat,aatxe,"[16, 21, 22, 23]","[15, 18]",1.0
goat,aatxe,"[17, 22, 23, 24]","[3, 6]",0.58
goat,aatxe,"[17, 22, 23, 24]","[4, 7]",0.5
goat,aatxe,"[17, 22, 23, 24]","[5, 8]",1.0
goat,aatxe,"[17, 22, 23, 24]","[8, 11]",1.0
goat,aatxe,"[17, 22, 23, 24]","[9, 12]",0.54
goat,aatxe,"[17, 22, 23, 24]","[10, 13]",0.71
goat,aatxe,"[17, 22, 23, 24]","[13, 16]",1.0
goat,aatxe,"[17, 22, 23, 24]","[15, 18]",1.0
goat,aatxe,"[17, 22, 23, 24]","[18, 21]",1.0
goat,aatxe,"[18, 23, 24, 25]","[3, 6]",0.56
goat,aatxe,"[18, 23, 24, 25]","[4, 7]",0.45
goat,aatxe,"[18, 23, 24, 25]","[5, 8]",1.0
goat,aatxe,"[18, 23, 24, 25]","[8, 11]",1.0
goat,aatxe,"[18, 23, 24, 25]","[9, 12]",0.46
goat,aatxe,"[18, 23, 24, 25]","[10, 13]",1.0
goat,aatxe,"[18, 23, 24, 25]","[13, 16]",1.0
goat,aatxe,"[18, 23, 24, 25]","[14, 17]",1.0
goat,aatxe,"[18, 23, 24, 25]","[19, 22]",0.43
pairing average win rate,0.8388764044943822, , , 
cougar,elk,"[1, 7, 11, 13]","[2, 4, 8, 9]",0.66
cougar,elk,"[1, 7, 11, 13]","[3, 5, 9, 10]",0.68
cougar,elk,"[1, 7, 11, 13]","[8, 10, 14, 15]",0.6
cougar,elk,"[1, 7, 11, 13]","[12, 14, 18, 19]",1.0
cougar,elk,"[1, 7, 11, 13]","[16, 18, 22, 23]",0.8
cougar,elk,"[1, 7, 11, 13]","[17, 19, 23, 24]",0.89
cougar,elk,"[1, 7, 11, 13]","[18, 20, 24, 25]",0.81
cougar,elk,"[2, 8, 12, 14]","[3, 5, 9, 10]",0.3
cougar,elk,"[2, 8, 12, 14]","[11, 13, 17, 18]",1.0
cougar,elk,"[2, 8, 12, 14]","[13, 15, 19, 20]",1.0
cougar,elk,"[2, 8, 12, 14]","[16, 18, 22, 23]",0.97
cougar,elk,"[2, 8, 12, 14]","[17, 19, 23, 24]",0.87
cougar,elk,"[2, 8, 12, 14]","[18, 20, 24, 25]",0.96
cougar,elk,"[3, 9, 13, 15]","[12, 14, 18, 19]",0.83
cougar,elk,"[3, 9, 13, 15]","[16, 18, 22, 23]",0.57
cougar,elk,"[3, 9, 13, 15]","[17, 19, 23, 24]",1.0
cougar,elk,"[3, 9, 13, 15]","[18, 20, 24, 25]",0.6
cougar,elk,"[6, 12, 16, 18]","[1, 3, 7, 8]",0.47
cougar,elk,"[6, 12, 16, 18]","[2, 4, 8, 9]",0.43
cougar,elk,"[6, 12, 16, 18]","[3, 5, 9, 10]",0.41
cougar,elk,"[6, 12, 16, 18]","[7, 9, 13, 14]",1.0
cougar,elk,"[6, 12, 16, 18]","[8, 10, 14, 15]",0.52
cougar,elk,"[6, 12, 16, 18]","[13, 15, 19, 20]",1.0
cougar,elk,"[6, 12, 16, 18]","[17, 19, 23, 24]",0.26
cougar,elk,"[7, 13, 17, 19]","[2, 4, 8, 9]",0.89
cougar,elk,"[7, 13, 17, 19]","[3, 5, 9, 10]",0.92
cougar,elk,"[7, 13, 17, 19]","[8, 10, 14, 15]",0.9
cougar,elk,"[7, 13, 17, 19]","[16, 18, 22, 23]",0.78
cougar,elk,"[7, 13, 17, 19]","[18, 20, 24, 25]",0.83
cougar,elk,"[8, 14, 18, 20]","[3, 5, 9, 10]",0.62
cougar,elk,"[8, 14, 18, 20]","[17, 19, 23, 24]",0.63
cougar,elk,"[11, 17, 21, 23]","[1, 3, 7, 8]",0.34
cougar,elk,"[11, 17, 21, 23]","[2, 4, 8, 9]",0.28
cougar,elk,"[11, 17, 21, 23]","[3, 5, 9, 10]",0.0
cougar,elk,"[11, 17, 21, 23]","[6, 8, 12, 13]",1.0
cougar,elk,"[11, 17, 21, 23]","[7, 9, 13, 14]",1.0
cougar,elk,"[11, 17, 21, 23]","[8, 10, 14, 15]",0.32
cougar,elk,"[11, 17, 21, 23]","[12, 14, 18, 19]",0.73
cougar,elk,"[11, 17, 21, 23]","[13, 15, 19, 20]",1.0
cougar,elk,"[11, 17, 21, 23]","[18, 20, 24, 25]",0.82
cougar,elk,"[12, 18, 22, 24]","[1, 3, 7, 8]",0.56
cougar,elk,"[12, 18, 22, 24]","[2, 4, 8, 9]",0.55
cougar,elk,"[12, 18, 22, 24]","[3, 5, 9, 10]",0.45
cougar,elk,"[12, 18, 22, 24]","[7, 9, 13, 14]",1.0
cougar,elk,"[12, 18, 22, 24]","[8, 10, 14, 15]",0.46
cougar,elk,"[12, 18, 22, 24]","[13, 15, 19, 20]",1.0
cougar,elk,"[13, 19, 23, 25]","[1, 3, 7, 8]",1.0
cougar,elk,"[13, 19, 23, 25]","[2, 4, 8, 9]",1.0
cougar,elk,"[13, 19, 23, 25]","[3, 5, 9, 10]",1.0
cougar,elk,"[13, 19, 23, 25]","[8, 10, 14, 15]",1.0
pairing average win rate,0.7342000000000002, , , 
cougar,eagle,"[1, 7, 11, 13]","[3, 8, 14]",1.0
cougar,eagle,"[1, 7, 11, 13]","[4, 9, 15]",1.0
cougar,eagle,"[1, 7, 11, 13]","[9, 14, 20]",1.0
cougar,eagle,"[1, 7, 11, 13]","[12, 17, 23]",1.0
cougar,eagle,"[1, 7, 11, 13]","[14, 19, 25]",1.0
cougar,eagle,"[2, 8, 12, 14]","[4, 9, 15]",1.0
cougar,eagle,"[2, 8, 12, 14]","[6, 11, 17]",1.0
cougar,eagle,"[2, 8, 12, 14]","[11, 16, 22]",1.0
cougar,eagle,"[2, 8, 12, 14]","[13, 18, 24]",1.0
cougar,eagle,"[3, 9, 13, 15]","[1, 6, 12]",1.0
cougar,eagle,"[3, 9, 13, 15]","[6, 11, 17]",1.0
cougar,eagle,"[3, 9, 13, 15]","[7, 12, 18]",1.0
cougar,eagle,"[3, 9, 13, 15]","[11, 16, 22]",1.0
cougar,eagle,"[3, 9, 13, 15]","[12, 17, 23]",1.0
cougar,eagle,"[3, 9, 13, 15]","[14, 19, 25]",1.0
cougar,eagle,"[6, 12, 16, 18]","[2, 7, 13]",1.0
cougar,eagle,"[6, 12, 16, 18]","[3, 8, 14]",0.88
cougar,eagle,"[6, 12, 16, 18]","[4, 9, 15]",1.0
cougar,eagle,"[6, 12, 16, 18]","[8, 13, 19]",1.0
cougar,eagle,"[6, 12, 16, 18]","[9, 14, 20]",0.83
cougar,eagle,"[6, 12, 16, 18]","[14, 19, 25]",0.83
cougar,eagle,"[7, 13, 17, 19]","[1, 6, 12]",0.64
cougar,eagle,"[7, 13, 17, 19]","[3, 8, 14]",0.88
cougar,eagle,"[7, 13, 17, 19]","[4, 9, 15]",0.86
cougar,eagle,"[7, 13, 17, 19]","[9, 14, 20]",1.0
cougar,eagle,"[7, 13, 17, 19]","[11, 16, 22]",0.75
cougar,eagle,"[8, 14, 18, 20]","[1, 6, 12]",0.98
cougar,eagle,"[8, 14, 18, 20]","[2, 7, 13]",1.0
cougar,eagle,"[8, 14, 18, 20]","[4, 9, 15]",0.88
cougar,eagle,"[8, 14, 18, 20]","[6, 11, 17]",1.0
cougar,eagle,"[8, 14, 18, 20]","[11, 16, 22]",0.94
cougar,eagle,"[8, 14, 18, 20]","[12, 17, 23]",0.97
cougar,eagle,"[11, 17, 21, 23]","[1, 6, 12]",1.0
cougar,eagle,"[11, 17, 21, 23]","[2, 7, 13]",1.0
cougar,eagle,"[11, 17, 21, 23]","[3, 8, 14]",0.69
cougar,eagle,"[11, 17, 21, 23]","[4, 9, 15]",1.0
cougar,eagle,"[11, 17, 21, 23]","[7, 12, 18]",1.0
cougar,eagle,"[11, 17, 21, 23]","[8, 13, 19]",1.0
cougar,eagle,"[11, 17, 21, 23]","[9, 14, 20]",0.61
cougar,eagle,"[11, 17, 21, 23]","[13, 18, 24]",1.0
cougar,eagle,"[11, 17, 21, 23]","[14, 19, 25]",0.66
cougar,eagle,"[12, 18, 22, 24]","[2, 7, 13]",1.0
cougar,eagle,"[12, 18, 22, 24]","[3, 8, 14]",0.87
cougar,eagle,"[12, 18, 22, 24]","[4, 9, 15]",1.0
cougar,eagle,"[12, 18, 22, 24]","[6, 11, 17]",1.0
cougar,eagle,"[12, 18, 22, 24]","[8, 13, 19]",1.0
cougar,eagle,"[12, 18, 22, 24]","[9, 14, 20]",0.77
cougar,eagle,"[12, 18, 22, 24]","[14, 19, 25]",0.88
cougar,eagle,"[13, 19, 23, 25]","[1, 6, 12]",1.0
cougar,eagle,"[13, 19, 23, 25]","[3, 8, 14]",0.96
cougar,eagle,"[13, 19, 23, 25]","[4, 9, 15]",0.98
cougar,eagle,"[13, 19, 23, 25]","[6, 11, 17]",1.0
cougar,eagle,"[13, 19, 23, 25]","[7, 12, 18]",0.9
cougar,eagle,"[13, 19, 23, 25]","[9, 14, 20]",1.0
cougar,eagle,"[13, 19, 23, 25]","[11, 16, 22]",0.96
pairing average win rate,0.9403636363636362, , , 
cougar,coyote,"[1, 7, 11, 13]","[2, 3, 9]",1.0
cougar,coyote,"[1, 7, 11, 13]","[3, 4, 10]",1.0
cougar,coyote,"[1, 7, 11, 13]","[8, 9, 15]",1.0
cougar,coyote,"[1, 7, 11, 13]","[16, 17, 23]",1.0
cougar,coyote,"[1, 7, 11, 13]","[17, 18, 24]",1.0
cougar,coyote,"[1, 7, 11, 13]","[18, 19, 25]",1.0
cougar,coyote,"[2, 8, 12, 14]","[3, 4, 10]",1.0
cougar,coyote,"[2, 8, 12, 14]","[6, 7, 13]",1.0
cougar,coyote,"[2, 8, 12, 14]","[16, 17, 23]",1.0
cougar,coyote,"[2, 8, 12, 14]","[17, 18, 24]",1.0
cougar,coyote,"[2, 8, 12, 14]","[18, 19, 25]",1.0
cougar,coyote,"[3, 9, 13, 15]","[1, 2, 8]",1.0
cougar,coyote,"[3, 9, 13, 15]","[7, 8, 14]",1.0
cougar,coyote,"[3, 9, 13, 15]","[11, 12, 18]",1.0
cougar,coyote,"[3, 9, 13, 15]","[16, 17, 23]",1.0
cougar,coyote,"[3, 9, 13, 15]","[17, 18, 24]",1.0
cougar,coyote,"[3, 9, 13, 15]","[18, 19, 25]",1.0
cougar,coyote,"[6, 12, 16, 18]","[1, 2, 8]",0.79
cougar,coyote,"[6, 12, 16, 18]","[2, 3, 9]",0.68
cougar,coyote,"[6, 12, 16, 18]","[3, 4, 10]",0.71
cougar,coyote,"[6, 12, 16, 18]","[7, 8, 14]",0.78
cougar,coyote,"[6, 12, 16, 18]","[8, 9, 15]",0.84
cougar,coyote,"[6, 12, 16, 18]","[13, 14, 20]",1.0
cougar,coyote,"[7, 13, 17, 19]","[1, 2, 8]",0.94
cougar,coyote,"[7, 13, 17, 19]","[2, 3, 9]",1.0
cougar,coyote,"[7, 13, 17, 19]","[3, 4, 10]",0.88
cougar,coyote,"[7, 13, 17, 19]","[8, 9, 15]",0.88
cougar,coyote,"[7, 13, 17, 19]","[11, 12, 18]",0.81
cougar,coyote,"[8, 14, 18, 20]","[2, 3, 9]",1.0
cougar,coyote,"[8, 14, 18, 20]","[3, 4, 10]",1.0
cougar,coyote,"[8, 14, 18, 20]","[6, 7, 13]",1.0
cougar,coyote,"[8, 14, 18, 20]","[12, 13, 19]",1.0
cougar,coyote,"[8, 14, 18, 20]","[16, 17, 23]",1.0
cougar,coyote,"[11, 17, 21, 23]","[1, 2, 8]",0.72
cougar,coyote,"[11, 17, 21, 23]","[2, 3, 9]",0.53
cougar,coyote,"[11, 17, 21, 23]","[3, 4, 10]",0.5
cougar,coyote,"[11, 17, 21, 23]","[6, 7, 13]",1.0
cougar,coyote,"[11, 17, 21, 23]","[7, 8, 14]",0.64
cougar,coyote,"[11, 17, 21, 23]","[8, 9, 15]",0.61
cougar,coyote,"[11, 17, 21, 23]","[12, 13, 19]",1.0
cougar,coyote,"[11, 17, 21, 23]","[13, 14, 20]",1.0
cougar,coyote,"[11, 17, 21, 23]","[18, 19, 25]",1.0
cougar,coyote,"[12, 18, 22, 24]","[1, 2, 8]",0.86
cougar,coyote,"[12, 18, 22, 24]","[2, 3, 9]",0.79
cougar,coyote,"[12, 18, 22, 24]","[3, 4, 10]",0.75
cougar,coyote,"[12, 18, 22, 24]","[6, 7, 13]",1.0
cougar,coyote,"[12, 18, 22, 24]","[7, 8, 14]",0.89
cougar,coyote,"[12, 18, 22, 24]","[8, 9, 15]",0.84
cougar,coyote,"[12, 18, 22, 24]","[13, 14, 20]",1.0
cougar,coyote,"[12, 18, 22, 24]","[16, 17, 23]",1.0
cougar,coyote,"[13, 19, 23, 25]","[1, 2, 8]",1.0
cougar,coyote,"[13, 19, 23, 25]","[2, 3, 9]",1.0
cougar,coyote,"[13, 19, 23, 25]","[3, 4, 10]",1.0
cougar,coyote,"[13, 19, 23, 25]","[7, 8, 14]",1.0
cougar,coyote,"[13, 19, 23, 25]","[8, 9, 15]",1.0
cougar,coyote,"[13, 19, 23, 25]","[11, 12, 18]",1.0
cougar,coyote,"[13, 19, 23, 25]","[17, 18, 24]",1.0
pairing average win rate,0.92, , , 
cougar,aatxe,"[1, 7, 11, 13]","[3, 6]",0.54
cougar,aatxe,"[1, 7, 11, 13]","[5, 8]",0.57
cougar,aatxe,"[1, 7, 11, 13]","[9, 12]",0.63
cougar,aatxe,"[1, 7, 11, 13]","[14, 17]",0.56
cougar,aatxe,"[1, 7, 11, 13]","[15, 18]",1.0
cougar,aatxe,"[1, 7, 11, 13]","[18, 21]",1.0
cougar,aatxe,"[1, 7, 11, 13]","[19, 22]",0.89
cougar,aatxe,"[1, 7, 11, 13]","[20, 23]",0.59
cougar,aatxe,"[2, 8, 12, 14]","[3, 6]",0.69
cougar,aatxe,"[2, 8, 12, 14]","[4, 7]",0.7
cougar,aatxe,"[2, 8, 12, 14]","[10, 13]",1.0
cougar,aatxe,"[2, 8, 12, 14]","[13, 16]",1.0
cougar,aatxe,"[2, 8, 12, 14]","[15, 18]",1.0
cougar,aatxe,"[2, 8, 12, 14]","[18, 21]",1.0
cougar,aatxe,"[2, 8, 12, 14]","[19, 22]",0.76
cougar,aatxe,"[2, 8, 12, 14]","[20, 23]",0.84
cougar,aatxe,"[3, 9, 13, 15]","[4, 7]",0.95
cougar,aatxe,"[3, 9, 13, 15]","[5, 8]",0.88
cougar,aatxe,"[3, 9, 13, 15]","[8, 11]",1.0
cougar,aatxe,"[3, 9, 13, 15]","[14, 17]",0.57
cougar,aatxe,"[3, 9, 13, 15]","[18, 21]",0.6
cougar,aatxe,"[3, 9, 13, 15]","[19, 22]",0.9
cougar,aatxe,"[3, 9, 13, 15]","[20, 23]",0.66
cougar,aatxe,"[6, 12, 16, 18]","[4, 7]",0.65
cougar,aatxe,"[6, 12, 16, 18]","[5, 8]",1.0
cougar,aatxe,"[6, 12, 16, 18]","[8, 11]",1.0
cougar,aatxe,"[6, 12, 16, 18]","[10, 13]",1.0
cougar,aatxe,"[6, 12, 16, 18]","[14, 17]",0.71
cougar,aatxe,"[6, 12, 16, 18]","[19, 22]",0.85
cougar,aatxe,"[6, 12, 16, 18]","[20, 23]",0.7
cougar,aatxe,"[7, 13, 17, 19]","[3, 6]",0.78
cougar,aatxe,"[7, 13, 17, 19]","[5, 8]",0.96
cougar,aatxe,"[7, 13, 17, 19]","[8, 11]",1.0
cougar,aatxe,"[7, 13, 17, 19]","[9, 12]",0.81
cougar,aatxe,"[7, 13, 17, 19]","[15, 18]",1.0
cougar,aatxe,"[7, 13, 17, 19]","[18, 21]",1.0
cougar,aatxe,"[7, 13, 17, 19]","[20, 23]",0.88
cougar,aatxe,"[8, 14, 18, 20]","[3, 6]",0.64
cougar,aatxe,"[8, 14, 18, 20]","[4, 7]",0.62
cougar,aatxe,"[8, 14, 18, 20]","[9, 12]",1.0
cougar,aatxe,"[8, 14, 18, 20]","[10, 13]",1.0
cougar,aatxe,"[8, 14, 18, 20]","[13, 16]",1.0
cougar,aatxe,"[8, 14, 18, 20]","[19, 22]",0.67
cougar,aatxe,"[11, 17, 21, 23]","[3, 6]",0.66
cougar,aatxe,"[11, 17, 21, 23]","[4, 7]",0.63
cougar,aatxe,"[11, 17, 21, 23]","[5, 8]",0.66
cougar,aatxe,"[11, 17, 21, 23]","[9, 12]",1.0
cougar,aatxe,"[11, 17, 21, 23]","[10, 13]",1.0
cougar,aatxe,"[11, 17, 21, 23]","[13, 16]",1.0
cougar,aatxe,"[11, 17, 21, 23]","[15, 18]",0.54
cougar,aatxe,"[11, 17, 21, 23]","[19, 22]",0.67
cougar,aatxe,"[12, 18, 22, 24]","[3, 6]",0.86
cougar,aatxe,"[12, 18, 22, 24]","[4, 7]",0.76
cougar,aatxe,"[12, 18, 22, 24]","[5, 8]",1.0
cougar,aatxe,"[12, 18, 22, 24]","[8, 11]",1.0
cougar,aatxe,"[12, 18, 22, 24]","[10, 13]",1.0
cougar,aatxe,"[12, 18, 22, 24]","[13, 16]",1.0
cougar,aatxe,"[12, 18, 22, 24]","[14, 17]",0.74
cougar,aatxe,"[12, 18, 22, 24]","[20, 23]",0.68
cougar,aatxe,"[13, 19, 23, 25]","[3, 6]",0.63
cougar,aatxe,"[13, 19, 23, 25]","[4, 7]",0.83
cougar,aatxe,"[13, 19, 23, 25]","[5, 8]",1.0
cougar,aatxe,"[13, 19, 23, 25]","[8, 11]",1.0
cougar,aatxe,"[13, 19, 23, 25]","[9, 12]",0.78
cougar,aatxe,"[13, 19, 23, 25]","[14, 17]",0.62
cougar,aatxe,"[13, 19, 23, 25]","[15, 18]",1.0
cougar,aatxe,"[13, 19, 23, 25]","[18, 21]",1.0
pairing average win rate,0.8307462686567164, , , 
elk,eagle,"[1, 3, 7, 8]","[4, 9, 15]",1.0
elk,eagle,"[1, 3, 7, 8]","[6, 11, 17]",0.47
elk,eagle,"[1, 3, 7, 8]","[9, 14, 20]",1.0
elk,eagle,"[1, 3, 7, 8]","[11, 16, 22]",0.3
elk,eagle,"[1, 3, 7, 8]","[12, 17, 23]",0.18
elk,eagle,"[1, 3, 7, 8]","[13, 18, 24]",1.0
elk,eagle,"[1, 3, 7, 8]","[14, 19, 25]",1.0
elk,eagle,"[2, 4, 8, 9]","[1, 6, 12]",0.77
elk,eagle,"[2, 4, 8, 9]","[6, 11, 17]",0.88
elk,eagle,"[2, 4, 8, 9]","[7, 12, 18]",1.0
elk,eagle,"[2, 4, 8, 9]","[11, 16, 22]",0.66
elk,eagle,"[2, 4, 8, 9]","[12, 17, 23]",0.72
elk,eagle,"[2, 4, 8, 9]","[13, 18, 24]",1.0
elk,eagle,"[2, 4, 8, 9]","[14, 19, 25]",1.0
elk,eagle,"[3, 5, 9, 10]","[1, 6, 12]",0.71
elk,eagle,"[3, 5, 9, 10]","[2, 7, 13]",0.14
elk,eagle,"[3, 5, 9, 10]","[6, 11, 17]",0.87
elk,eagle,"[3, 5, 9, 10]","[7, 12, 18]",1.0
elk,eagle,"[3, 5, 9, 10]","[8, 13, 19]",1.0
elk,eagle,"[3, 5, 9, 10]","[11, 16, 22]",0.4
elk,eagle,"[3, 5, 9, 10]","[12, 17, 23]",0.63
elk,eagle,"[3, 5, 9, 10]","[13, 18, 24]",1.0
elk,eagle,"[3, 5, 9, 10]","[14, 19, 25]",0.13
elk,eagle,"[6, 8, 12, 13]","[4, 9, 15]",1.0
elk,eagle,"[6, 8, 12, 13]","[9, 14, 20]",1.0
elk,eagle,"[6, 8, 12, 13]","[11, 16, 22]",0.11
elk,eagle,"[6, 8, 12, 13]","[14, 19, 25]",1.0
elk,eagle,"[7, 9, 13, 14]","[1, 6, 12]",0.22
elk,eagle,"[7, 9, 13, 14]","[6, 11, 17]",0.34
elk,eagle,"[7, 9, 13, 14]","[11, 16, 22]",0.12
elk,eagle,"[7, 9, 13, 14]","[12, 17, 23]",0.26
elk,eagle,"[8, 10, 14, 15]","[1, 6, 12]",0.96
elk,eagle,"[8, 10, 14, 15]","[2, 7, 13]",0.84
elk,eagle,"[8, 10, 14, 15]","[6, 11, 17]",1.0
elk,eagle,"[8, 10, 14, 15]","[7, 12, 18]",1.0
elk,eagle,"[8, 10, 14, 15]","[11, 16, 22]",0.83
elk,eagle,"[8, 10, 14, 15]","[12, 17, 23]",0.92
elk,eagle,"[8, 10, 14, 15]","[13, 18, 24]",1.0
elk,eagle,"[11, 13, 17, 18]","[1, 6, 12]",0.46
elk,eagle,"[11, 13, 17, 18]","[3, 8, 14]",1.0
elk,eagle,"[11, 13, 17, 18]","[4, 9, 15]",0.5
elk,eagle,"[11, 13, 17, 18]","[9, 14, 20]",1.0
elk,eagle,"[11, 13, 17, 18]","[14, 19, 25]",1.0
elk,eagle,"[12, 14, 18, 19]","[2, 7, 13]",1.0
elk,eagle,"[12, 14, 18, 19]","[4, 9, 15]",1.0
elk,eagle,"[12, 14, 18, 19]","[6, 11, 17]",1.0
elk,eagle,"[12, 14, 18, 19]","[11, 16, 22]",1.0
elk,eagle,"[13, 15, 19, 20]","[1, 6, 12]",0.13
elk,eagle,"[13, 15, 19, 20]","[3, 8, 14]",1.0
elk,eagle,"[13, 15, 19, 20]","[6, 11, 17]",0.41
elk,eagle,"[13, 15, 19, 20]","[7, 12, 18]",1.0
elk,eagle,"[13, 15, 19, 20]","[11, 16, 22]",0.07
elk,eagle,"[13, 15, 19, 20]","[12, 17, 23]",0.38
elk,eagle,"[16, 18, 22, 23]","[1, 6, 12]",0.73
elk,eagle,"[16, 18, 22, 23]","[2, 7, 13]",0.66
elk,eagle,"[16, 18, 22, 23]","[3, 8, 14]",1.0
elk,eagle,"[16, 18, 22, 23]","[4, 9, 15]",0.0
elk,eagle,"[16, 18, 22, 23]","[6, 11, 17]",0.81
elk,eagle,"[16, 18, 22, 23]","[8, 13, 19]",0.76
elk,eagle,"[16, 18, 22, 23]","[9, 14, 20]",1.0
elk,eagle,"[16, 18, 22, 23]","[14, 19, 25]",1.0
elk,eagle,"[17, 19, 23, 24]","[1, 6, 12]",0.17
elk,eagle,"[17, 19, 23, 24]","[2, 7, 13]",0.55
elk,eagle,"[17, 19, 23, 24]","[3, 8, 14]",1.0
elk,eagle,"[17, 19, 23, 24]","[4, 9, 15]",1.0
elk,eagle,"[17, 19, 23, 24]","[7, 12, 18]",1.0
elk,eagle,"[17, 19, 23, 24]","[9, 14, 20]",1.0
elk,eagle,"[17, 19, 23, 24]","[11, 16, 22]",0.2
elk,eagle,"[18, 20, 24, 25]","[1, 6, 12]",0.72
elk,eagle,"[18, 20, 24, 25]","[2, 7, 13]",0.85
elk,eagle,"[18, 20, 24, 25]","[3, 8, 14]",1.0
elk,eagle,"[18, 20, 24, 25]","[4, 9, 15]",0.2
elk,eagle,"[18, 20, 24, 25]","[6, 11, 17]",0.95
elk,eagle,"[18, 20, 24, 25]","[8, 13, 19]",0.84
elk,eagle,"[18, 20, 24, 25]","[11, 16, 22]",0.59
elk,eagle,"[18, 20, 24, 25]","[12, 17, 23]",0.74
pairing average win rate,0.7260526315789475, , , 
elk,coyote,"[1, 3, 7, 8]","[11, 12, 18]",1.0
elk,coyote,"[1, 3, 7, 8]","[12, 13, 19]",1.0
elk,coyote,"[1, 3, 7, 8]","[13, 14, 20]",1.0
elk,coyote,"[1, 3, 7, 8]","[16, 17, 23]",0.71
elk,coyote,"[1, 3, 7, 8]","[17, 18, 24]",0.78
elk,coyote,"[1, 3, 7, 8]","[18, 19, 25]",0.83
elk,coyote,"[2, 4, 8, 9]","[6, 7, 13]",1.0
elk,coyote,"[2, 4, 8, 9]","[11, 12, 18]",1.0
elk,coyote,"[2, 4, 8, 9]","[12, 13, 19]",1.0
elk,coyote,"[2, 4, 8, 9]","[13, 14, 20]",1.0
elk,coyote,"[2, 4, 8, 9]","[16, 17, 23]",0.65
elk,coyote,"[2, 4, 8, 9]","[17, 18, 24]",0.79
elk,coyote,"[2, 4, 8, 9]","[18, 19, 25]",0.86
elk,coyote,"[3, 5, 9, 10]","[1, 2, 8]",0.49
elk,coyote,"[3, 5, 9, 10]","[6, 7, 13]",0.62
elk,coyote,"[3, 5, 9, 10]","[7, 8, 14]",0.44
elk,coyote,"[3, 5, 9, 10]","[11, 12, 18]",0.87
elk,coyote,"[3, 5, 9, 10]","[12, 13, 19]",0.71
elk,coyote,"[3, 5, 9, 10]","[13, 14, 20]",0.69
elk,coyote,"[3, 5, 9, 10]","[16, 17, 23]",1.0
elk,coyote,"[3, 5, 9, 10]","[17, 18, 24]",0.85
elk,coyote,"[3, 5, 9, 10]","[18, 19, 25]",0.81
elk,coyote,"[6, 8, 12, 13]","[2, 3, 9]",1.0
elk,coyote,"[6, 8, 12, 13]","[3, 4, 10]",1.0
elk,coyote,"[6, 8, 12, 13]","[16, 17, 23]",1.0
elk,coyote,"[6, 8, 12, 13]","[17, 18, 24]",1.0
elk,coyote,"[6, 8, 12, 13]","[18, 19, 25]",1.0
elk,coyote,"[7, 9, 13, 14]","[1, 2, 8]",1.0
elk,coyote,"[7, 9, 13, 14]","[3, 4, 10]",0.62
elk,coyote,"[7, 9, 13, 14]","[11, 12, 18]",0.9
elk,coyote,"[7, 9, 13, 14]","[16, 17, 23]",0.69
elk,coyote,"[7, 9, 13, 14]","[17, 18, 24]",0.86
elk,coyote,"[7, 9, 13, 14]","[18, 19, 25]",0.84
elk,coyote,"[8, 10, 14, 15]","[2, 3, 9]",1.0
elk,coyote,"[8, 10, 14, 15]","[6, 7, 13]",1.0
elk,coyote,"[8, 10, 14, 15]","[11, 12, 18]",1.0
elk,coyote,"[8, 10, 14, 15]","[12, 13, 19]",1.0
elk,coyote,"[8, 10, 14, 15]","[16, 17, 23]",0.63
elk,coyote,"[8, 10, 14, 15]","[17, 18, 24]",0.85
elk,coyote,"[8, 10, 14, 15]","[18, 19, 25]",0.85
elk,coyote,"[11, 13, 17, 18]","[1, 2, 8]",0.92
elk,coyote,"[11, 13, 17, 18]","[2, 3, 9]",0.88
elk,coyote,"[11, 13, 17, 18]","[3, 4, 10]",0.92
elk,coyote,"[11, 13, 17, 18]","[7, 8, 14]",1.0
elk,coyote,"[11, 13, 17, 18]","[8, 9, 15]",0.88
elk,coyote,"[12, 14, 18, 19]","[1, 2, 8]",1.0
elk,coyote,"[12, 14, 18, 19]","[2, 3, 9]",0.55
elk,coyote,"[12, 14, 18, 19]","[3, 4, 10]",0.51
elk,coyote,"[12, 14, 18, 19]","[6, 7, 13]",0.9
elk,coyote,"[12, 14, 18, 19]","[8, 9, 15]",1.0
elk,coyote,"[12, 14, 18, 19]","[16, 17, 23]",0.49
elk,coyote,"[13, 15, 19, 20]","[1, 2, 8]",1.0
elk,coyote,"[13, 15, 19, 20]","[2, 3, 9]",1.0
elk,coyote,"[13, 15, 19, 20]","[3, 4, 10]",0.92
elk,coyote,"[13, 15, 19, 20]","[7, 8, 14]",1.0
elk,coyote,"[13, 15, 19, 20]","[11, 12, 18]",1.0
elk,coyote,"[13, 15, 19, 20]","[16, 17, 23]",0.82
elk,coyote,"[13, 15, 19, 20]","[17, 18, 24]",1.0
elk,coyote,"[16, 18, 22, 23]","[1, 2, 8]",0.76
elk,coyote,"[16, 18, 22, 23]","[2, 3, 9]",0.53
elk,coyote,"[16, 18, 22, 23]","[3, 4, 10]",0.56
elk,coyote,"[16, 18, 22, 23]","[6, 7, 13]",0.91
elk,coyote,"[16, 18, 22, 23]","[7, 8, 14]",1.0
elk,coyote,"[16, 18, 22, 23]","[8, 9, 15]",0.83
elk,coyote,"[16, 18, 22, 23]","[12, 13, 19]",0.96
elk,coyote,"[16, 18, 22, 23]","[13, 14, 20]",0.93
elk,coyote,"[17, 19, 23, 24]","[1, 2, 8]",0.72
elk,coyote,"[17, 19, 23, 24]","[2, 3, 9]",0.53
elk,coyote,"[17, 19, 23, 24]","[3, 4, 10]",0.57
elk,coyote,"[17, 19, 23, 24]","[6, 7, 13]",0.7
elk,coyote,"[17, 19, 23, 24]","[7, 8, 14]",0.69
elk,coyote,"[17, 19, 23, 24]","[8, 9, 15]",0.7
elk,coyote,"[17, 19, 23, 24]","[11, 12, 18]",1.0
elk,coyote,"[17, 19, 23, 24]","[13, 14, 20]",0.67
elk,coyote,"[18, 20, 24, 25]","[1, 2, 8]",0.89
elk,coyote,"[18, 20, 24, 25]","[2, 3, 9]",0.53
elk,coyote,"[18, 20, 24, 25]","[3, 4, 10]",0.49
elk,coyote,"[18, 20, 24, 25]","[6, 7, 13]",0.9
elk,coyote,"[18, 20, 24, 25]","[7, 8, 14]",1.0
elk,coyote,"[18, 20, 24, 25]","[8, 9, 15]",0.85
elk,coyote,"[18, 20, 24, 25]","[12, 13, 19]",0.96
elk,coyote,"[18, 20, 24, 25]","[16, 17, 23]",0.52
pairing average win rate,0.8332926829268292, , , 
elk,aatxe,"[1, 3, 7, 8]","[9, 12]",0.93
elk,aatxe,"[1, 3, 7, 8]","[10, 13]",1.0
elk,aatxe,"[1, 3, 7, 8]","[13, 16]",1.0
elk,aatxe,"[1, 3, 7, 8]","[14, 17]",0.88
elk,aatxe,"[1, 3, 7, 8]","[15, 18]",1.0
elk,aatxe,"[1, 3, 7, 8]","[18, 21]",0.94
elk,aatxe,"[1, 3, 7, 8]","[19, 22]",0.57
elk,aatxe,"[1, 3, 7, 8]","[20, 23]",0.65
elk,aatxe,"[2, 4, 8, 9]","[3, 6]",0.85
elk,aatxe,"[2, 4, 8, 9]","[10, 13]",1.0
elk,aatxe,"[2, 4, 8, 9]","[13, 16]",1.0
elk,aatxe,"[2, 4, 8, 9]","[14, 17]",0.88
elk,aatxe,"[2, 4, 8, 9]","[15, 18]",1.0
elk,aatxe,"[2, 4, 8, 9]","[18, 21]",0.95
elk,aatxe,"[2, 4, 8, 9]","[19, 22]",0.58
elk,aatxe,"[2, 4, 8, 9]","[20, 23]",0.57
elk,aatxe,"[3, 5, 9, 10]","[4, 7]",0.58
elk,aatxe,"[3, 5, 9, 10]","[8, 11]",1.0
elk,aatxe,"[3, 5, 9, 10]","[13, 16]",0.44
elk,aatxe,"[3, 5, 9, 10]","[14, 17]",0.51
elk,aatxe,"[3, 5, 9, 10]","[15, 18]",1.0
elk,aatxe,"[3, 5, 9, 10]","[18, 21]",1.0
elk,aatxe,"[3, 5, 9, 10]","[19, 22]",1.0
elk,aatxe,"[3, 5, 9, 10]","[20, 23]",0.44
elk,aatxe,"[6, 8, 12, 13]","[4, 7]",1.0
elk,aatxe,"[6, 8, 12, 13]","[14, 17]",1.0
elk,aatxe,"[6, 8, 12, 13]","[15, 18]",1.0
elk,aatxe,"[6, 8, 12, 13]","[18, 21]",1.0
elk,aatxe,"[6, 8, 12, 13]","[19, 22]",1.0
elk,aatxe,"[6, 8, 12, 13]","[20, 23]",1.0
elk,aatxe,"[7, 9, 13, 14]","[3, 6]",1.0
elk,aatxe,"[7, 9, 13, 14]","[5, 8]",1.0
elk,aatxe,"[7, 9, 13, 14]","[8, 11]",1.0
elk,aatxe,"[7, 9, 13, 14]","[15, 18]",1.0
elk,aatxe,"[7, 9, 13, 14]","[18, 21]",1.0
elk,aatxe,"[7, 9, 13, 14]","[19, 22]",1.0
elk,aatxe,"[7, 9, 13, 14]","[20, 23]",1.0
elk,aatxe,"[8, 10, 14, 15]","[3, 6]",0.73
elk,aatxe,"[8, 10, 14, 15]","[4, 7]",0.56
elk,aatxe,"[8, 10, 14, 15]","[9, 12]",0.64
elk,aatxe,"[8, 10, 14, 15]","[13, 16]",0.92
elk,aatxe,"[8, 10, 14, 15]","[18, 21]",0.78
elk,aatxe,"[8, 10, 14, 15]","[19, 22]",0.53
elk,aatxe,"[8, 10, 14, 15]","[20, 23]",0.61
elk,aatxe,"[11, 13, 17, 18]","[3, 6]",0.77
elk,aatxe,"[11, 13, 17, 18]","[4, 7]",0.79
elk,aatxe,"[11, 13, 17, 18]","[5, 8]",0.88
elk,aatxe,"[11, 13, 17, 18]","[9, 12]",0.83
elk,aatxe,"[11, 13, 17, 18]","[19, 22]",0.83
elk,aatxe,"[11, 13, 17, 18]","[20, 23]",0.89
elk,aatxe,"[12, 14, 18, 19]","[3, 6]",0.55
elk,aatxe,"[12, 14, 18, 19]","[4, 7]",0.49
elk,aatxe,"[12, 14, 18, 19]","[5, 8]",1.0
elk,aatxe,"[12, 14, 18, 19]","[8, 11]",1.0
elk,aatxe,"[12, 14, 18, 19]","[10, 13]",0.98
elk,aatxe,"[12, 14, 18, 19]","[13, 16]",1.0
elk,aatxe,"[12, 14, 18, 19]","[20, 23]",1.0
elk,aatxe,"[13, 15, 19, 20]","[3, 6]",0.71
elk,aatxe,"[13, 15, 19, 20]","[4, 7]",0.66
elk,aatxe,"[13, 15, 19, 20]","[5, 8]",1.0
elk,aatxe,"[13, 15, 19, 20]","[8, 11]",1.0
elk,aatxe,"[13, 15, 19, 20]","[9, 12]",0.71
elk,aatxe,"[13, 15, 19, 20]","[14, 17]",0.85
elk,aatxe,"[13, 15, 19, 20]","[18, 21]",1.0
elk,aatxe,"[16, 18, 22, 23]","[3, 6]",0.54
elk,aatxe,"[16, 18, 22, 23]","[4, 7]",0.51
elk,aatxe,"[16, 18, 22, 23]","[5, 8]",1.0
elk,aatxe,"[16, 18, 22, 23]","[8, 11]",1.0
elk,aatxe,"[16, 18, 22, 23]","[9, 12]",0.56
elk,aatxe,"[16, 18, 22, 23]","[10, 13]",0.92
elk,aatxe,"[16, 18, 22, 23]","[14, 17]",0.44
elk,aatxe,"[17, 19, 23, 24]","[3, 6]",0.65
elk,aatxe,"[17, 19, 23, 24]","[4, 7]",0.72
elk,aatxe,"[17, 19, 23, 24]","[5, 8]",1.0
elk,aatxe,"[17, 19, 23, 24]","[8, 11]",1.0
elk,aatxe,"[17, 19, 23, 24]","[9, 12]",0.63
elk,aatxe,"[17, 19, 23, 24]","[10, 13]",1.0
elk,aatxe,"[17, 19, 23, 24]","[13, 16]",1.0
elk,aatxe,"[17, 19, 23, 24]","[15, 18]",1.0
elk,aatxe,"[17, 19, 23, 24]","[18, 21]",1.0
elk,aatxe,"[18, 20, 24, 25]","[3, 6]",0.61
elk,aatxe,"[18, 20, 24, 25]","[4, 7]",0.54
elk,aatxe,"[18, 20, 24, 25]","[5, 8]",1.0
elk,aatxe,"[18, 20, 24, 25]","[8, 11]",1.0
elk,aatxe,"[18, 20, 24, 25]","[9, 12]",0.61
elk,aatxe,"[18, 20, 24, 25]","[10, 13]",1.0
elk,aatxe,"[18, 20, 24, 25]","[13, 16]",1.0
elk,aatxe,"[18, 20, 24, 25]","[14, 17]",0.61
elk,aatxe,"[18, 20, 24, 25]","[19, 22]",0.64
pairing average win rate,0.8366292134831461, , , 
eagle,coyote,"[1, 6, 12]","[2, 3, 9]",0.83
eagle,coyote,"[1, 6, 12]","[3, 4, 10]",0.1
eagle,coyote,"[1, 6, 12]","[7, 8, 14]",0.94
eagle,coyote,"[1, 6, 12]","[8, 9, 15]",0.76
eagle,coyote,"[1, 6, 12]","[13, 14, 20]",1.0
eagle,coyote,"[1, 6, 12]","[16, 17, 23]",1.0
eagle,coyote,"[1, 6, 12]","[17, 18, 24]",0.8
eagle,coyote,"[1, 6, 12]","[18, 19, 25]",0.82
eagle,coyote,"[2, 7, 13]","[3, 4, 10]",0.46
eagle,coyote,"[2, 7, 13]","[8, 9, 15]",0.92
eagle,coyote,"[2, 7, 13]","[11, 12, 18]",1.0
eagle,coyote,"[2, 7, 13]","[16, 17, 23]",1.0
eagle,coyote,"[2, 7, 13]","[17, 18, 24]",0.86
eagle,coyote,"[2, 7, 13]","[18, 19, 25]",0.91
eagle,coyote,"[3, 8, 14]","[6, 7, 13]",1.0
eagle,coyote,"[3, 8, 14]","[11, 12, 18]",1.0
eagle,coyote,"[3, 8, 14]","[12, 13, 19]",1.0
eagle,coyote,"[3, 8, 14]","[16, 17, 23]",1.0
eagle,coyote,"[3, 8, 14]","[17, 18, 24]",0.95
eagle,coyote,"[3, 8, 14]","[18, 19, 25]",0.84
eagle,coyote,"[4, 9, 15]","[1, 2, 8]",1.0
eagle,coyote,"[4, 9, 15]","[6, 7, 13]",1.0
eagle,coyote,"[4, 9, 15]","[7, 8, 14]",1.0
eagle,coyote,"[4, 9, 15]","[11, 12, 18]",1.0
eagle,coyote,"[4, 9, 15]","[12, 13, 19]",1.0
eagle,coyote,"[4, 9, 15]","[13, 14, 20]",0.96
eagle,coyote,"[4, 9, 15]","[16, 17, 23]",1.0
eagle,coyote,"[4, 9, 15]","[17, 18, 24]",0.87
eagle,coyote,"[4, 9, 15]","[18, 19, 25]",0.94
eagle,coyote,"[6, 11, 17]","[1, 2, 8]",0.81
eagle,coyote,"[6, 11, 17]","[2, 3, 9]",0.95
eagle,coyote,"[6, 11, 17]","[3, 4, 10]",0.72
eagle,coyote,"[6, 11, 17]","[7, 8, 14]",1.0
eagle,coyote,"[6, 11, 17]","[8, 9, 15]",0.96
eagle,coyote,"[6, 11, 17]","[12, 13, 19]",0.95
eagle,coyote,"[6, 11, 17]","[13, 14, 20]",1.0
eagle,coyote,"[6, 11, 17]","[18, 19, 25]",0.95
eagle,coyote,"[7, 12, 18]","[1, 2, 8]",0.98
eagle,coyote,"[7, 12, 18]","[2, 3, 9]",1.0
eagle,coyote,"[7, 12, 18]","[3, 4, 10]",0.81
eagle,coyote,"[7, 12, 18]","[8, 9, 15]",0.99
eagle,coyote,"[7, 12, 18]","[13, 14, 20]",1.0
eagle,coyote,"[7, 12, 18]","[16, 17, 23]",0.97
eagle,coyote,"[8, 13, 19]","[2, 3, 9]",0.94
eagle,coyote,"[8, 13, 19]","[3, 4, 10]",0.54
eagle,coyote,"[8, 13, 19]","[11, 12, 18]",1.0
eagle,coyote,"[8, 13, 19]","[16, 17, 23]",1.0
eagle,coyote,"[8, 13, 19]","[17, 18, 24]",1.0
eagle,coyote,"[9, 14, 20]","[1, 2, 8]",0.85
eagle,coyote,"[9, 14, 20]","[3, 4, 10]",0.82
eagle,coyote,"[9, 14, 20]","[6, 7, 13]",0.88
eagle,coyote,"[9, 14, 20]","[11, 12, 18]",0.94
eagle,coyote,"[9, 14, 20]","[12, 13, 19]",1.0
eagle,coyote,"[9, 14, 20]","[16, 17, 23]",0.76
eagle,coyote,"[9, 14, 20]","[17, 18, 24]",1.0
eagle,coyote,"[9, 14, 20]","[18, 19, 25]",1.0
eagle,coyote,"[11, 16, 22]","[1, 2, 8]",0.14
eagle,coyote,"[11, 16, 22]","[2, 3, 9]",0.75
eagle,coyote,"[11, 16, 22]","[3, 4, 10]",0.0
eagle,coyote,"[11, 16, 22]","[6, 7, 13]",0.53
eagle,coyote,"[11, 16, 22]","[7, 8, 14]",0.81
eagle,coyote,"[11, 16, 22]","[8, 9, 15]",0.79
eagle,coyote,"[11, 16, 22]","[12, 13, 19]",0.55
eagle,coyote,"[11, 16, 22]","[13, 14, 20]",0.95
eagle,coyote,"[11, 16, 22]","[17, 18, 24]",0.84
eagle,coyote,"[11, 16, 22]","[18, 19, 25]",0.7
eagle,coyote,"[12, 17, 23]","[1, 2, 8]",0.86
eagle,coyote,"[12, 17, 23]","[2, 3, 9]",0.95
eagle,coyote,"[12, 17, 23]","[3, 4, 10]",0.77
eagle,coyote,"[12, 17, 23]","[6, 7, 13]",0.95
eagle,coyote,"[12, 17, 23]","[7, 8, 14]",1.0
eagle,coyote,"[12, 17, 23]","[8, 9, 15]",0.89
eagle,coyote,"[12, 17, 23]","[13, 14, 20]",1.0
eagle,coyote,"[12, 17, 23]","[18, 19, 25]",0.93
eagle,coyote,"[13, 18, 24]","[1, 2, 8]",0.99
eagle,coyote,"[13, 18, 24]","[2, 3, 9]",1.0
eagle,coyote,"[13, 18, 24]","[3, 4, 10]",0.97
eagle,coyote,"[13, 18, 24]","[7, 8, 14]",1.0
eagle,coyote,"[13, 18, 24]","[8, 9, 15]",0.95
eagle,coyote,"[13, 18, 24]","[16, 17, 23]",0.97
eagle,coyote,"[14, 19, 25]","[1, 2, 8]",0.83
eagle,coyote,"[14, 19, 25]","[2, 3, 9]",0.95
eagle,coyote,"[14, 19, 25]","[3, 4, 10]",0.63
eagle,coyote,"[14, 19, 25]","[6, 7, 13]",0.94
eagle,coyote,"[14, 19, 25]","[8, 9, 15]",0.89
eagle,coyote,"[14, 19, 25]","[11, 12, 18]",0.89
eagle,coyote,"[14, 19, 25]","[16, 17, 23]",0.89
eagle,coyote,"[14, 19, 25]","[17, 18, 24]",1.0
pairing average win rate,0.8760227272727273, , , 
eagle,aatxe,"[1, 6, 12]","[4, 7]",0.65
eagle,aatxe,"[1, 6, 12]","[5, 8]",1.0
eagle,aatxe,"[1, 6, 12]","[8, 11]",1.0
eagle,aatxe,"[1, 6, 12]","[10, 13]",1.0
eagle,aatxe,"[1, 6, 12]","[13, 16]",1.0
eagle,aatxe,"[1, 6, 12]","[14, 17]",0.87
eagle,aatxe,"[1, 6, 12]","[15, 18]",1.0
eagle,aatxe,"[1, 6, 12]","[18, 21]",1.0
eagle,aatxe,"[1, 6, 12]","[19, 22]",0.66
eagle,aatxe,"[1, 6, 12]","[20, 23]",0.79
eagle,aatxe,"[2, 7, 13]","[3, 6]",0.87
eagle,aatxe,"[2, 7, 13]","[5, 8]",1.0
eagle,aatxe,"[2, 7, 13]","[8, 11]",1.0
eagle,aatxe,"[2, 7, 13]","[9, 12]",0.83
eagle,aatxe,"[2, 7, 13]","[14, 17]",0.81
eagle,aatxe,"[2, 7, 13]","[15, 18]",1.0
eagle,aatxe,"[2, 7, 13]","[18, 21]",1.0
eagle,aatxe,"[2, 7, 13]","[19, 22]",0.73
eagle,aatxe,"[2, 7, 13]","[20, 23]",0.78
eagle,aatxe,"[3, 8, 14]","[4, 7]",1.0
eagle,aatxe,"[3, 8, 14]","[9, 12]",1.0
eagle,aatxe,"[3, 8, 14]","[10, 13]",1.0
eagle,aatxe,"[3, 8, 14]","[13, 16]",1.0
eagle,aatxe,"[3, 8, 14]","[15, 18]",1.0
eagle,aatxe,"[3, 8, 14]","[18, 21]",1.0
eagle,aatxe,"[3, 8, 14]","[19, 22]",1.0
eagle,aatxe,"[3, 8, 14]","[20, 23]",1.0
eagle,aatxe,"[4, 9, 15]","[3, 6]",0.44
eagle,aatxe,"[4, 9, 15]","[5, 8]",0.37
eagle,aatxe,"[4, 9, 15]","[8, 11]",1.0
eagle,aatxe,"[4, 9, 15]","[10, 13]",1.0
eagle,aatxe,"[4, 9, 15]","[13, 16]",1.0
eagle,aatxe,"[4, 9, 15]","[14, 17]",1.0
eagle,aatxe,"[4, 9, 15]","[18, 21]",0.38
eagle,aatxe,"[4, 9, 15]","[19, 22]",0.43
eagle,aatxe,"[4, 9, 15]","[20, 23]",0.36
eagle,aatxe,"[6, 11, 17]","[4, 7]",0.39
eagle,aatxe,"[6, 11, 17]","[5, 8]",0.38
eagle,aatxe,"[6, 11, 17]","[9, 12]",1.0
eagle,aatxe,"[6, 11, 17]","[10, 13]",1.0
eagle,aatxe,"[6, 11, 17]","[13, 16]",1.0
eagle,aatxe,"[6, 11, 17]","[15, 18]",1.0
eagle,aatxe,"[6, 11, 17]","[18, 21]",1.0
eagle,aatxe,"[6, 11, 17]","[19, 22]",0.73
eagle,aatxe,"[6, 11, 17]","[20, 23]",0.41
eagle,aatxe,"[7, 12, 18]","[3, 6]",1.0
eagle,aatxe,"[7, 12, 18]","[5, 8]",1.0
eagle,aatxe,"[7, 12, 18]","[8, 11]",1.0
eagle,aatxe,"[7, 12, 18]","[10, 13]",1.0
eagle,aatxe,"[7, 12, 18]","[13, 16]",1.0
eagle,aatxe,"[7, 12, 18]","[14, 17]",1.0
eagle,aatxe,"[7, 12, 18]","[19, 22]",1.0
eagle,aatxe,"[7, 12, 18]","[20, 23]",1.0
eagle,aatxe,"[8, 13, 19]","[3, 6]",1.0
eagle,aatxe,"[8, 13, 19]","[4, 7]",1.0
eagle,aatxe,"[8, 13, 19]","[9, 12]",1.0
eagle,aatxe,"[8, 13, 19]","[14, 17]",1.0
eagle,aatxe,"[8, 13, 19]","[15, 18]",1.0
eagle,aatxe,"[8, 13, 19]","[18, 21]",1.0
eagle,aatxe,"[8, 13, 19]","[20, 23]",1.0
eagle,aatxe,"[9, 14, 20]","[3, 6]",0.77
eagle,aatxe,"[9, 14, 20]","[4, 7]",0.8
eagle,aatxe,"[9, 14, 20]","[5, 8]",1.0
eagle,aatxe,"[9, 14, 20]","[8, 11]",1.0
eagle,aatxe,"[9, 14, 20]","[10, 13]",1.0
eagle,aatxe,"[9, 14, 20]","[13, 16]",1.0
eagle,aatxe,"[9, 14, 20]","[15, 18]",1.0
eagle,aatxe,"[9, 14, 20]","[18, 21]",1.0
eagle,aatxe,"[9, 14, 20]","[19, 22]",0.93
eagle,aatxe,"[11, 16, 22]","[3, 6]",0.76
eagle,aatxe,"[11, 16, 22]","[4, 7]",0.4
eagle,aatxe,"[11, 16, 22]","[5, 8]",0.36
eagle,aatxe,"[11, 16, 22]","[9, 12]",1.0
eagle,aatxe,"[11, 16, 22]","[10, 13]",1.0
eagle,aatxe,"[11, 16, 22]","[14, 17]",1.0
eagle,aatxe,"[11, 16, 22]","[15, 18]",1.0
eagle,aatxe,"[11, 16, 22]","[18, 21]",1.0
eagle,aatxe,"[11, 16, 22]","[20, 23]",0.44
eagle,aatxe,"[12, 17, 23]","[3, 6]",0.92
eagle,aatxe,"[12, 17, 23]","[4, 7]",0.76
eagle,aatxe,"[12, 17, 23]","[5, 8]",1.0
eagle,aatxe,"[12, 17, 23]","[8, 11]",1.0
eagle,aatxe,"[12, 17, 23]","[10, 13]",1.0
eagle,aatxe,"[12, 17, 23]","[13, 16]",1.0
eagle,aatxe,"[12, 17, 23]","[15, 18]",1.0
eagle,aatxe,"[12, 17, 23]","[18, 21]",1.0
eagle,aatxe,"[12, 17, 23]","[19, 22]",0.76
eagle,aatxe,"[13, 18, 24]","[3, 6]",0.84
eagle,aatxe,"[13, 18, 24]","[4, 7]",0.87
eagle,aatxe,"[13, 18, 24]","[5, 8]",1.0
eagle,aatxe,"[13, 18, 24]","[8, 11]",1.0
eagle,aatxe,"[13, 18, 24]","[9, 12]",0.85
eagle,aatxe,"[13, 18, 24]","[14, 17]",0.87
eagle,aatxe,"[13, 18, 24]","[19, 22]",0.8
eagle,aatxe,"[13, 18, 24]","[20, 23]",0.86
eagle,aatxe,"[14, 19, 25]","[3, 6]",0.69
eagle,aatxe,"[14, 19, 25]","[4, 7]",0.67
eagle,aatxe,"[14, 19, 25]","[5, 8]",1.0
eagle,aatxe,"[14, 19, 25]","[8, 11]",1.0
eagle,aatxe,"[14, 19, 25]","[9, 12]",0.9
eagle,aatxe,"[14, 19, 25]","[10, 13]",1.0
eagle,aatxe,"[14, 19, 25]","[13, 16]",1.0
eagle,aatxe,"[14, 19, 25]","[15, 18]",1.0
eagle,aatxe,"[14, 19, 25]","[18, 21]",1.0
eagle,aatxe,"[14, 19, 25]","[20, 23]",0.77
pairing average win rate,0.8847619047619046, , , 
coyote,aatxe,"[1, 2, 8]","[3, 6]",0.6
coyote,aatxe,"[1, 2, 8]","[4, 7]",0.58
coyote,aatxe,"[1, 2, 8]","[9, 12]",0.87
coyote,aatxe,"[1, 2, 8]","[10, 13]",1.0
coyote,aatxe,"[1, 2, 8]","[13, 16]",1.0
coyote,aatxe,"[1, 2, 8]","[14, 17]",0.71
coyote,aatxe,"[1, 2, 8]","[15, 18]",1.0
coyote,aatxe,"[1, 2, 8]","[18, 21]",0.97
coyote,aatxe,"[1, 2, 8]","[19, 22]",0.72
coyote,aatxe,"[1, 2, 8]","[20, 23]",0.64
coyote,aatxe,"[2, 3, 9]","[4, 7]",0.91
coyote,aatxe,"[2, 3, 9]","[5, 8]",1.0
coyote,aatxe,"[2, 3, 9]","[8, 11]",1.0
coyote,aatxe,"[2, 3, 9]","[10, 13]",1.0
coyote,aatxe,"[2, 3, 9]","[13, 16]",1.0
coyote,aatxe,"[2, 3, 9]","[14, 17]",0.67
coyote,aatxe,"[2, 3, 9]","[15, 18]",1.0
coyote,aatxe,"[2, 3, 9]","[18, 21]",1.0
coyote,aatxe,"[2, 3, 9]","[19, 22]",0.78
coyote,aatxe,"[2, 3, 9]","[20, 23]",0.67
coyote,aatxe,"[3, 4, 10]","[5, 8]",1.0
coyote,aatxe,"[3, 4, 10]","[8, 11]",1.0
coyote,aatxe,"[3, 4, 10]","[9, 12]",0.83
coyote,aatxe,"[3, 4, 10]","[13, 16]",1.0
coyote,aatxe,"[3, 4, 10]","[14, 17]",0.73
coyote,aatxe,"[3, 4, 10]","[15, 18]",1.0
coyote,aatxe,"[3, 4, 10]","[18, 21]",1.0
coyote,aatxe,"[3, 4, 10]","[19, 22]",0.72
coyote,aatxe,"[3, 4, 10]","[20, 23]",0.74
coyote,aatxe,"[6, 7, 13]","[5, 8]",1.0
coyote,aatxe,"[6, 7, 13]","[8, 11]",1.0
coyote,aatxe,"[6, 7, 13]","[9, 12]",1.0
coyote,aatxe,"[6, 7, 13]","[14, 17]",1.0
coyote,aatxe,"[6, 7, 13]","[15, 18]",1.0
coyote,aatxe,"[6, 7, 13]","[18, 21]",1.0
coyote,aatxe,"[6, 7, 13]","[19, 22]",1.0
coyote,aatxe,"[6, 7, 13]","[20, 23]",1.0
coyote,aatxe,"[7, 8, 14]","[3, 6]",0.77
coyote,aatxe,"[7, 8, 14]","[9, 12]",0.95
coyote,aatxe,"[7, 8, 14]","[10, 13]",1.0
coyote,aatxe,"[7, 8, 14]","[13, 16]",1.0
coyote,aatxe,"[7, 8, 14]","[15, 18]",1.0
coyote,aatxe,"[7, 8, 14]","[18, 21]",0.97
coyote,aatxe,"[7, 8, 14]","[19, 22]",0.75
coyote,aatxe,"[7, 8, 14]","[20, 23]",0.77
coyote,aatxe,"[8, 9, 15]","[3, 6]",0.76
coyote,aatxe,"[8, 9, 15]","[4, 7]",0.79
coyote,aatxe,"[8, 9, 15]","[10, 13]",1.0
coyote,aatxe,"[8, 9, 15]","[13, 16]",1.0
coyote,aatxe,"[8, 9, 15]","[14, 17]",0.82
coyote,aatxe,"[8, 9, 15]","[18, 21]",0.8
coyote,aatxe,"[8, 9, 15]","[19, 22]",0.69
coyote,aatxe,"[8, 9, 15]","[20, 23]",0.73
coyote,aatxe,"[11, 12, 18]","[3, 6]",0.64
coyote,aatxe,"[11, 12, 18]","[4, 7]",0.76
coyote,aatxe,"[11, 12, 18]","[5, 8]",0.83
coyote,aatxe,"[11, 12, 18]","[10, 13]",1.0
coyote,aatxe,"[11, 12, 18]","[13, 16]",1.0
coyote,aatxe,"[11, 12, 18]","[14, 17]",0.98
coyote,aatxe,"[11, 12, 18]","[19, 22]",0.93
coyote,aatxe,"[11, 12, 18]","[20, 23]",0.74
coyote,aatxe,"[12, 13, 19]","[3, 6]",1.0
coyote,aatxe,"[12, 13, 19]","[4, 7]",1.0
coyote,aatxe,"[12, 13, 19]","[5, 8]",1.0
coyote,aatxe,"[12, 13, 19]","[8, 11]",1.0
coyote,aatxe,"[12, 13, 19]","[14, 17]",1.0
coyote,aatxe,"[12, 13, 19]","[15, 18]",1.0
coyote,aatxe,"[12, 13, 19]","[18, 21]",1.0
coyote,aatxe,"[12, 13, 19]","[20, 23]",1.0
coyote,aatxe,"[13, 14, 20]","[3, 6]",1.0
coyote,aatxe,"[13, 14, 20]","[4, 7]",1.0
coyote,aatxe,"[13, 14, 20]","[5, 8]",1.0
coyote,aatxe,"[13, 14, 20]","[8, 11]",1.0
coyote,aatxe,"[13, 14, 20]","[9, 12]",1.0
coyote,aatxe,"[13, 14, 20]","[15, 18]",1.0
coyote,aatxe,"[13, 14, 20]","[18, 21]",1.0
coyote,aatxe,"[13, 14, 20]","[19, 22]",1.0
coyote,aatxe,"[16, 17, 23]","[3, 6]",1.0
coyote,aatxe,"[16, 17, 23]","[4, 7]",0.66
coyote,aatxe,"[16, 17, 23]","[5, 8]",1.0
coyote,aatxe,"[16, 17, 23]","[8, 11]",1.0
coyote,aatxe,"[16, 17, 23]","[9, 12]",0.66
coyote,aatxe,"[16, 17, 23]","[10, 13]",1.0
coyote,aatxe,"[16, 17, 23]","[15, 18]",1.0
coyote,aatxe,"[16, 17, 23]","[18, 21]",1.0
coyote,aatxe,"[16, 17, 23]","[19, 22]",0.74
coyote,aatxe,"[17, 18, 24]","[3, 6]",0.72
coyote,aatxe,"[17, 18, 24]","[4, 7]",0.76
coyote,aatxe,"[17, 18, 24]","[5, 8]",1.0
coyote,aatxe,"[17, 18, 24]","[8, 11]",1.0
coyote,aatxe,"[17, 18, 24]","[9, 12]",0.82
coyote,aatxe,"[17, 18, 24]","[10, 13]",1.0
coyote,aatxe,"[17, 18, 24]","[13, 16]",1.0
coyote,aatxe,"[17, 18, 24]","[19, 22]",0.9
coyote,aatxe,"[17, 18, 24]","[20, 23]",0.78
coyote,aatxe,"[18, 19, 25]","[3, 6]",0.79
coyote,aatxe,"[18, 19, 25]","[4, 7]",0.78
coyote,aatxe,"[18, 19, 25]","[5, 8]",1.0
coyote,aatxe,"[18, 19, 25]","[8, 11]",1.0
coyote,aatxe,"[18, 19, 25]","[9, 12]",0.81
coyote,aatxe,"[18, 19, 25]","[10, 13]",1.0
coyote,aatxe,"[18, 19, 25]","[13, 16]",1.0
coyote,aatxe,"[18, 19, 25]","[14, 17]",0.86
coyote,aatxe,"[18, 19, 25]","[20, 23]",0.8
pairing average win rate,0.9028846153846153, , , 
